name,url
Products,https://www.shl.com/products/
Occupational Personality Questionnaire (OPQ),https://www.shl.com/products/assessments/personality-assessment/shl-occupational-personality-questionnaire-opq/
Job-Focused Assessments (JFA),https://www.shl.com/products/assessments/job-focused-assessments/
Motivational Questionnaire (MQ),https://www.shl.com/products/assessments/personality-assessment/shl-motivation-questionnaire-mq/
Situational Judgment Tests (SJT),https://www.shl.com/products/assessments/behavioral-assessments/situation-judgement-tests-sjt/
SHL Verify,https://www.shl.com/products/assessments/cognitive-assessments/
SHL 360,https://www.shl.com/products/360/
Assessments,https://www.shl.com/products/assessments/
Behavioral Assessments,https://www.shl.com/products/assessments/behavioral-assessments/
Cognitive Assessments,https://www.shl.com/products/assessments/cognitive-assessments/
Personality Assessments,https://www.shl.com/products/assessments/personality-assessment/
Video Interviews,https://www.shl.com/products/video-interviews/
Skills & Simulations,https://www.shl.com/products/assessments/skills-and-simulations/
Call Center Simulations,https://www.shl.com/products/assessments/skills-and-simulations/call-center-simulations/
Business Skills,https://www.shl.com/products/assessments/skills-and-simulations/business-skills/
Coding Simulations,https://www.shl.com/products/assessments/skills-and-simulations/coding-simulations/
Technical Skills,https://www.shl.com/products/assessments/skills-and-simulations/technical-skills/
Language Evaluation,https://www.shl.com/products/assessments/skills-and-simulations/language-evaluation/
View all SHL ProductsGet the ultimate view of potential with SHL’s unmatched portfolio of assessments and interview technology.,https://www.shl.com/products/
Outsourced Assessments (VADC),https://www.shl.com/products/assessments/assessment-and-development-centers/
View Product Catalog,https://www.shl.com/products/product-catalog/
Claims/Operations Supervisor Solution,https://www.shl.com/products/product-catalog/view/claimsoperations-supervisor-solution/
Contact Center Customer Service + 8.0,https://www.shl.com/products/product-catalog/view/contact-center-customer-service-8-0/
Contact Center Customer Service 8.0,https://www.shl.com/products/product-catalog/view/contact-center-customer-service-8-0-4269/
Contact Center Manager - Short Form,https://www.shl.com/products/product-catalog/view/contact-center-manager-short-form/
Contact Center Sales & Service + 8.0,https://www.shl.com/products/product-catalog/view/contact-center-sales-and-service-8-0/
Contact Center Sales & Service 8.0,https://www.shl.com/products/product-catalog/view/contact-center-sales-and-service-8-0-4268/
Contact Center Team Lead/Coach - Short Form,https://www.shl.com/products/product-catalog/view/contact-center-team-leadcoach-short-form/
Contact Centre Agent Solution - UK,https://www.shl.com/products/product-catalog/view/contact-centre-agent-solution-uk/
Customer Service - Short Form,https://www.shl.com/products/product-catalog/view/customer-service-short-form/
Customer Service - Short Form - UK,https://www.shl.com/products/product-catalog/view/customer-service-short-form-uk/
Customer Service with Sales - Short Form,https://www.shl.com/products/product-catalog/view/customer-service-with-sales-short-form/
Director - Short Form,https://www.shl.com/products/product-catalog/view/director-short-form/
Previous,https://www.shl.com/products/product-catalog/?start=0&type=2
1,https://www.shl.com/products/product-catalog/?start=0&type=2
3,https://www.shl.com/products/product-catalog/?start=24&type=2
12,https://www.shl.com/products/product-catalog/?start=132&type=2
Next,https://www.shl.com/products/product-catalog/?start=24&type=2
Adobe Experience Manager (New),https://www.shl.com/products/product-catalog/view/adobe-experience-manager-new/
Adobe Photoshop CC,https://www.shl.com/products/product-catalog/view/adobe-photoshop-cc/
Aeronautical Engineering (New),https://www.shl.com/products/product-catalog/view/aeronautical-engineering-new/
Aerospace Engineering (New),https://www.shl.com/products/product-catalog/view/aerospace-engineering-new/
Agile Software Development,https://www.shl.com/products/product-catalog/view/agile-software-development/
Agile Testing (New),https://www.shl.com/products/product-catalog/view/agile-testing-new/
AI Skills,https://www.shl.com/products/product-catalog/view/ai-skills/
Amazon Web Services (AWS) Development (New),https://www.shl.com/products/product-catalog/view/amazon-web-services-aws-development-new/
Android Development (New),https://www.shl.com/products/product-catalog/view/android-development-new/
Angular 6 (New),https://www.shl.com/products/product-catalog/view/angular-6-new/
AngularJS (New),https://www.shl.com/products/product-catalog/view/angularjs-new/
Apache Hadoop (New),https://www.shl.com/products/product-catalog/view/apache-hadoop-new/
Previous,https://www.shl.com/products/product-catalog/?start=0&type=1
1,https://www.shl.com/products/product-catalog/?start=0&type=1
3,https://www.shl.com/products/product-catalog/?start=24&type=1
32,https://www.shl.com/products/product-catalog/?start=372&type=1
Next,https://www.shl.com/products/product-catalog/?start=24&type=1
Product Catalog,https://www.shl.com/products/product-catalog/
District/Regional Manager Solution,https://www.shl.com/products/product-catalog/view/districtregional-manager-solution/
Entry Level Cashier 7.1 (Americas),https://www.shl.com/products/product-catalog/view/entry-level-cashier-7-1-%28americas%29/
Entry Level Cashier 7.1 (International),https://www.shl.com/products/product-catalog/view/entry-level-cashier-7-1-%28international%29/
Entry Level Customer Service 7.1 (Americas),https://www.shl.com/products/product-catalog/view/entry-level-customer-service-7-1-%28americas%29/
Entry Level Customer Service 7.1 (International),https://www.shl.com/products/product-catalog/view/entry-level-customer-service-%28retail-and-cc%29-7-1/
Entry Level Customer Service 7.1 (South Africa),https://www.shl.com/products/product-catalog/view/entry-level-customer-service-7-1-%28south-africa%29/
Entry level Sales 7.1 (Americas),https://www.shl.com/products/product-catalog/view/entry-level-sales-7-1-%28americas%29/
Entry level Sales 7.1 (International),https://www.shl.com/products/product-catalog/view/entry-level-sales-7-1/
Entry Level Sales Sift Out 7.1,https://www.shl.com/products/product-catalog/view/entry-level-sales-sift-out-7-1/
Event Sales Manager Solution,https://www.shl.com/products/product-catalog/view/event-sales-manager-solution/
Executive - Short Form,https://www.shl.com/products/product-catalog/view/executive-short-form/
Financial Professional - Short Form,https://www.shl.com/products/product-catalog/view/financial-professional-short-form/
Previous,https://www.shl.com/products/product-catalog/?start=12&type=2
2,https://www.shl.com/products/product-catalog/?start=12&type=2
4,https://www.shl.com/products/product-catalog/?start=36&type=2
Next,https://www.shl.com/products/product-catalog/?start=36&type=2
Apache Hadoop Extensions (New),https://www.shl.com/products/product-catalog/view/apache-hadoop-extensions-new/
Apache HBase (New),https://www.shl.com/products/product-catalog/view/apache-hbase-new/
Apache Hive (New),https://www.shl.com/products/product-catalog/view/apache-hive-new/
Apache Kafka (New),https://www.shl.com/products/product-catalog/view/apache-kafka-new/
Apache Pig (New),https://www.shl.com/products/product-catalog/view/apache-pig-new/
Apache Spark (New),https://www.shl.com/products/product-catalog/view/apache-spark-new/
ASP .NET with C# (New),https://www.shl.com/products/product-catalog/view/asp-net-with-c-new/
ASP.NET 4.5,https://www.shl.com/products/product-catalog/view/asp-net-4-5/
Assessment and Development Center Exercises,https://www.shl.com/products/product-catalog/view/assessment-and-development-center-exercises/
Automata - Fix (New),https://www.shl.com/products/product-catalog/view/automata-fix-new/
Automata - SQL (New),https://www.shl.com/products/product-catalog/view/automata-sql-new/
Automata (New),https://www.shl.com/products/product-catalog/view/automata-new/
Previous,https://www.shl.com/products/product-catalog/?start=12&type=1
2,https://www.shl.com/products/product-catalog/?start=12&type=1
4,https://www.shl.com/products/product-catalog/?start=36&type=1
Next,https://www.shl.com/products/product-catalog/?start=36&type=1
Financial Services Representative Solution,https://www.shl.com/products/product-catalog/view/financial-services-representative-solution/
Front Desk Associate Solution,https://www.shl.com/products/product-catalog/view/front-desk-associate-solution/
Gaming Associate Solution,https://www.shl.com/products/product-catalog/view/gaming-associate-solution/
Gaming Manager Solution,https://www.shl.com/products/product-catalog/view/gaming-manager-solution/
General Entry Level - All Industries 7.0 Solution,https://www.shl.com/products/product-catalog/view/general-entry-level-all-industries-7-0-solution/
General Entry Level - All Industries 7.1 Solution,https://www.shl.com/products/product-catalog/view/general-entry-level-all-industries-7-1-solution/
General Entry Level - All Industries 7.1(Americas),https://www.shl.com/products/product-catalog/view/general-entry-level-all-industries-7-1%28americas%29/
General Entry Level – Data Entry 7.0 Solution,https://www.shl.com/products/product-catalog/view/general-entry-level-data-entry-7-0-solution/
Graduate + 8.0 Job Focused Assessment,https://www.shl.com/products/product-catalog/view/graduate-8-0-job-focused-assessment/
Graduate 7.1 Job Focused Assessment,https://www.shl.com/products/product-catalog/view/graduate-7-1-job-focused-assessment/
Graduate 8.0 Job Focused Assessment,https://www.shl.com/products/product-catalog/view/graduate-8-0-job-focused-assessment-4228/
Guest Service Team 7.0 Solution,https://www.shl.com/products/product-catalog/view/guest-service-team-7-0-solution/
Previous,https://www.shl.com/products/product-catalog/?start=24&type=2
5,https://www.shl.com/products/product-catalog/?start=48&type=2
Next,https://www.shl.com/products/product-catalog/?start=48&type=2
Automata Data Science (New),https://www.shl.com/products/product-catalog/view/automata-data-science-new/
Automata Data Science Pro (New),https://www.shl.com/products/product-catalog/view/automata-data-science-pro-new/
Automata Front End,https://www.shl.com/products/product-catalog/view/automata-front-end/
Automata Pro (New),https://www.shl.com/products/product-catalog/view/automata-pro-new/
Automata Selenium,https://www.shl.com/products/product-catalog/view/automata-selenium/
Automation Anywhere RPA Development (New),https://www.shl.com/products/product-catalog/view/automation-anywhere-rpa-development-new/
Automotive Engineering (New),https://www.shl.com/products/product-catalog/view/automotive-engineering-new/
Basic Biology (New),https://www.shl.com/products/product-catalog/view/basic-biology-new/
Basic Computer Literacy (Windows 10) (New),https://www.shl.com/products/product-catalog/view/basic-computer-literacy-windows-10-new/
Basic Statistics (New),https://www.shl.com/products/product-catalog/view/basic-statistics-new/
Biochemistry (New),https://www.shl.com/products/product-catalog/view/biochemistry-new/
Biotech Lab Techniques (New),https://www.shl.com/products/product-catalog/view/biotech-lab-techniques-new/
Previous,https://www.shl.com/products/product-catalog/?start=24&type=1
5,https://www.shl.com/products/product-catalog/?start=48&type=1
Next,https://www.shl.com/products/product-catalog/?start=48&type=1
Guest Services Associate Solution,https://www.shl.com/products/product-catalog/view/guest-services-associate-solution/
Healthcare Aide 7.0 Solution,https://www.shl.com/products/product-catalog/view/healthcare-aide-7-0-solution/
Healthcare Call Center Agent Solution,https://www.shl.com/products/product-catalog/view/healthcare-call-center-agent-solution/
Healthcare Service Associate Solution,https://www.shl.com/products/product-catalog/view/healthcare-service-associate-solution/
Healthcare Support Specialist Solution,https://www.shl.com/products/product-catalog/view/healthcare-support-specialist-solution/
Home Health Aide Solution,https://www.shl.com/products/product-catalog/view/home-health-aide-solution/
Hospitality Manager Solution,https://www.shl.com/products/product-catalog/view/hospitality-manager-solution/
Host Solution,https://www.shl.com/products/product-catalog/view/host-solution/
Industrial - Entry Level 7.0 Solution,https://www.shl.com/products/product-catalog/view/industrial-entry-level-7-0-solution/
Industrial - Entry Level 7.1 (Americas),https://www.shl.com/products/product-catalog/view/industrial-entry-level-7-1-%28americas%29/
Industrial - Entry Level 7.1 (International),https://www.shl.com/products/product-catalog/view/industrial-entry-level-7-1-%28international%29/
Industrial - Professional and Skilled 7.0 Solution,https://www.shl.com/products/product-catalog/view/industrial-professional-and-skilled-7-0-solution/
Previous,https://www.shl.com/products/product-catalog/?start=36&type=2
6,https://www.shl.com/products/product-catalog/?start=60&type=2
Next,https://www.shl.com/products/product-catalog/?start=60&type=2
BizTalk (New),https://www.shl.com/products/product-catalog/view/biztalk-new/
Business Communication (adaptive),https://www.shl.com/products/product-catalog/view/business-communication-adaptive/
Business Communications,https://www.shl.com/products/product-catalog/view/business-communications/
C Programming (New),https://www.shl.com/products/product-catalog/view/c-programming-new/
C# Programming (New),https://www.shl.com/products/product-catalog/view/c-programming-new-4039/
C++ Programming (New),https://www.shl.com/products/product-catalog/view/c-programming-new-4122/
Cardiology and Diabetes Management (New),https://www.shl.com/products/product-catalog/view/cardiology-and-diabetes-management-new/
Ceramic Engineering (New),https://www.shl.com/products/product-catalog/view/ceramic-engineering-new/
Chemical Engineering (New),https://www.shl.com/products/product-catalog/view/chemical-engineering-new/
Cisco AppDynamics (New),https://www.shl.com/products/product-catalog/view/cisco-appdynamics-new/
Civil Engineering (New),https://www.shl.com/products/product-catalog/view/civil-engineering-new/
Cloud Computing (New),https://www.shl.com/products/product-catalog/view/cloud-computing-new/
Previous,https://www.shl.com/products/product-catalog/?start=36&type=1
6,https://www.shl.com/products/product-catalog/?start=60&type=1
Next,https://www.shl.com/products/product-catalog/?start=60&type=1
Industrial - Semi-skilled 7.1 (Americas),https://www.shl.com/products/product-catalog/view/industrial-semi-skilled-7-1-%28americas%29/
Industrial - Semi-skilled 7.1 (International),https://www.shl.com/products/product-catalog/view/industrial-semi-skilled-7-1-%28international%29/
Industrial Professional and Skilled 7.1 (Americas),https://www.shl.com/products/product-catalog/view/industrial-professional-and-skilled-7-1-%28americas%29/
Industrial Professional and Skilled 7.1 Solution,https://www.shl.com/products/product-catalog/view/industrial-professional-and-skilled-7-1-solution/
Installation and Repair Technician Solution,https://www.shl.com/products/product-catalog/view/installation-and-repair-technician-solution/
Insurance Account Manager Solution,https://www.shl.com/products/product-catalog/view/insurance-account-manager-solution/
Insurance Administrative Assistant Solution,https://www.shl.com/products/product-catalog/view/insurance-administrative-assistant-solution/
Insurance Agent Solution,https://www.shl.com/products/product-catalog/view/insurance-agent-solution/
Insurance Director Solution,https://www.shl.com/products/product-catalog/view/insurance-director-solution/
Insurance Sales Manager Solution,https://www.shl.com/products/product-catalog/view/insurance-sales-manager-solution/
Manager - Short Form,https://www.shl.com/products/product-catalog/view/manager-short-form/
Manager + 7.0 Solution,https://www.shl.com/products/product-catalog/view/manager-7-0-solution-3955/
Previous,https://www.shl.com/products/product-catalog/?start=48&type=2
7,https://www.shl.com/products/product-catalog/?start=72&type=2
Next,https://www.shl.com/products/product-catalog/?start=72&type=2
COBOL Programming (New),https://www.shl.com/products/product-catalog/view/cobol-programming-new/
Computer Science (New),https://www.shl.com/products/product-catalog/view/computer-science-new/
Contact Center Call Simulation (New),https://www.shl.com/products/product-catalog/view/contact-center-call-simulation-new/
Conversational Multichat Simulation,https://www.shl.com/products/product-catalog/view/conversational-multichat-simulation/
Core Java (Advanced Level) (New),https://www.shl.com/products/product-catalog/view/core-java-advanced-level-new/
Core Java (Entry Level) (New),https://www.shl.com/products/product-catalog/view/core-java-entry-level-new/
Count Out The Money,https://www.shl.com/products/product-catalog/view/count-out-the-money/
CSS3 (New),https://www.shl.com/products/product-catalog/view/css3-new/
Culinary Skills (New),https://www.shl.com/products/product-catalog/view/culinary-skills-new/
Customer Service Phone Simulation,https://www.shl.com/products/product-catalog/view/customer-service-phone-simulation/
Customer Service Phone Solution,https://www.shl.com/products/product-catalog/view/customer-service-phone-solution/
Cyber Risk (New),https://www.shl.com/products/product-catalog/view/cyber-risk-new/
Previous,https://www.shl.com/products/product-catalog/?start=48&type=1
7,https://www.shl.com/products/product-catalog/?start=72&type=1
Next,https://www.shl.com/products/product-catalog/?start=72&type=1
Manager + 7.1 (Americas),https://www.shl.com/products/product-catalog/view/manager-7-1-solution-4242/
Manager + 7.1 (International),https://www.shl.com/products/product-catalog/view/manager-7-1-%28international%29/
Manager 7.0 Solution,https://www.shl.com/products/product-catalog/view/manager-7-0-solution/
Manager 7.1 (Americas),https://www.shl.com/products/product-catalog/view/manager-7-1-%28americas%29/
Manager 7.1 (International),https://www.shl.com/products/product-catalog/view/manager-7-1-solution/
Manager 8.0 JFA,https://www.shl.com/products/product-catalog/view/manager-8-0-jfa/
Manager 8.0+ JFA,https://www.shl.com/products/product-catalog/view/manager-8-0-jfa-4310/
Manufacturing Production Team Member,https://www.shl.com/products/product-catalog/view/manufacturing-production-team-member/
Manufacturing Skilled Maintenance Worker,https://www.shl.com/products/product-catalog/view/manufacturing-skilled-maintenance-worker/
Network Engineer/Analyst Solution,https://www.shl.com/products/product-catalog/view/network-engineeranalyst-solution/
Nurse Leader Solution,https://www.shl.com/products/product-catalog/view/nurse-leader-solution/
Nurse Solution,https://www.shl.com/products/product-catalog/view/nurse-solution/
Previous,https://www.shl.com/products/product-catalog/?start=60&type=2
8,https://www.shl.com/products/product-catalog/?start=84&type=2
Next,https://www.shl.com/products/product-catalog/?start=84&type=2
Data Entry (New),https://www.shl.com/products/product-catalog/view/data-entry-new/
Data Entry Alphanumeric Split Screen - US,https://www.shl.com/products/product-catalog/view/data-entry-alphanumeric-split-screen-us/
Data Entry Numeric Split Screen - US,https://www.shl.com/products/product-catalog/view/data-entry-numeric-split-screen-us/
Data Entry Ten Key Split Screen,https://www.shl.com/products/product-catalog/view/data-entry-ten-key-split-screen/
Data Science (New),https://www.shl.com/products/product-catalog/view/data-science-new/
Data Warehousing Concepts,https://www.shl.com/products/product-catalog/view/data-warehousing-concepts/
Dependability and Safety Instrument (DSI),https://www.shl.com/products/product-catalog/view/dependability-and-safety-instrument-dsi/
Dermatology (New),https://www.shl.com/products/product-catalog/view/dermatology-new/
Desktop Support (New),https://www.shl.com/products/product-catalog/view/desktop-support-new/
Digital Advertising (New),https://www.shl.com/products/product-catalog/view/digital-advertising-new/
Digital Readiness Development Report - IC,https://www.shl.com/products/product-catalog/view/digital-readiness-development-report/
Digital Readiness Development Report - Manager,https://www.shl.com/products/product-catalog/view/digital-readiness-development-report-manager/
Previous,https://www.shl.com/products/product-catalog/?start=60&type=1
8,https://www.shl.com/products/product-catalog/?start=84&type=1
Next,https://www.shl.com/products/product-catalog/?start=84&type=1
Nursing Assistant Solution,https://www.shl.com/products/product-catalog/view/nursing-assistant-solution/
Personal Banker - Short Form,https://www.shl.com/products/product-catalog/view/personal-banker-short-form/
Phone Banker - Short Form,https://www.shl.com/products/product-catalog/view/phone-banker-short-form/
Prep/Line Cook Solution,https://www.shl.com/products/product-catalog/view/prepline-cook-solution/
Professional + 7.0 Solution,https://www.shl.com/products/product-catalog/view/professional-7-0-solution-3958/
Professional + 7.1 (Americas),https://www.shl.com/products/product-catalog/view/professional-7-1-%28americas%29/
Professional + 7.1 (International),https://www.shl.com/products/product-catalog/view/professional-7-1-solution/
Professional 7.0 Solution,https://www.shl.com/products/product-catalog/view/professional-7-0-solution/
Professional 7.1 (International),https://www.shl.com/products/product-catalog/view/professional-7-1-solution-4247/
Professional 8.0 JFA,https://www.shl.com/products/product-catalog/view/professional-8-0-jfa/
Professional/Individual Contributor - Short Form,https://www.shl.com/products/product-catalog/view/professionalindividual-contributor-short-form/
Project Manager - Short Form,https://www.shl.com/products/product-catalog/view/project-manager-short-form/
Previous,https://www.shl.com/products/product-catalog/?start=72&type=2
9,https://www.shl.com/products/product-catalog/?start=96&type=2
Next,https://www.shl.com/products/product-catalog/?start=96&type=2
Docker (New),https://www.shl.com/products/product-catalog/view/docker-new/
Dojo (New),https://www.shl.com/products/product-catalog/view/dojo-new/
Drupal (New),https://www.shl.com/products/product-catalog/view/drupal-new/
DSI v1.1 Interpretation Report,https://www.shl.com/products/product-catalog/view/dsi-v1-1-interpretation-report/
Econometrics (New),https://www.shl.com/products/product-catalog/view/econometrics-new/
Economics (New),https://www.shl.com/products/product-catalog/view/economics-new/
Electrical and Electronics Engineering (New),https://www.shl.com/products/product-catalog/view/electrical-and-electronics-engineering-new/
Electrical Engineering (New),https://www.shl.com/products/product-catalog/view/electrical-engineering-new/
Electronics & Telecommunications Engineering (New),https://www.shl.com/products/product-catalog/view/electronics-and-telecommunications-engineering-new/
Electronics and Embedded Systems Engineering (New),https://www.shl.com/products/product-catalog/view/electronics-and-embedded-systems-engineering-new/
Electronics and Semiconductor Engineering (New),https://www.shl.com/products/product-catalog/view/electronics-and-semiconductor-engineering-new/
English Comprehension (New),https://www.shl.com/products/product-catalog/view/english-comprehension-new/
Previous,https://www.shl.com/products/product-catalog/?start=72&type=1
9,https://www.shl.com/products/product-catalog/?start=96&type=1
Next,https://www.shl.com/products/product-catalog/?start=96&type=1
Proof Operator - Processing Specialist -Short Form,https://www.shl.com/products/product-catalog/view/proof-operator-processing-specialist-short-form/
Reservation Agent Solution,https://www.shl.com/products/product-catalog/view/reservation-agent-solution/
Restaurant Manager Solution,https://www.shl.com/products/product-catalog/view/restaurant-manager-solution/
Restaurant Supervisor Solution,https://www.shl.com/products/product-catalog/view/restaurant-supervisor-solution/
Retail Consultant Solution,https://www.shl.com/products/product-catalog/view/retail-consultant-solution/
Retail Manager w/ Sales Solution,https://www.shl.com/products/product-catalog/view/retail-manager-w-sales-solution/
Retail Sales Associate Solution,https://www.shl.com/products/product-catalog/view/retail-sales-associate-solution/
Sales Director Solution,https://www.shl.com/products/product-catalog/view/sales-director-solution/
Sales Engineer Solution,https://www.shl.com/products/product-catalog/view/sales-engineer-solution/
Sales Manager Solution,https://www.shl.com/products/product-catalog/view/sales-manager-solution/
Sales Professional 7.0 Solution,https://www.shl.com/products/product-catalog/view/sales-professional-7-0-solution/
Sales Professional 7.1 (Americas),https://www.shl.com/products/product-catalog/view/sales-professional-7-1-%28americas%29/
Previous,https://www.shl.com/products/product-catalog/?start=84&type=2
10,https://www.shl.com/products/product-catalog/?start=108&type=2
Next,https://www.shl.com/products/product-catalog/?start=108&type=2
Enterprise Java Beans (New),https://www.shl.com/products/product-catalog/view/enterprise-java-beans-new/
Enterprise Leadership Report 1.0,https://www.shl.com/products/product-catalog/view/enterprise-leadership-report/
Enterprise Leadership Report 2.0,https://www.shl.com/products/product-catalog/view/enterprise-leadership-report-2-0/
Entry Level Cashier Solution,https://www.shl.com/products/product-catalog/view/entry-level-cashier-solution/
Entry Level Customer Serv-Retail & Contact Center,https://www.shl.com/products/product-catalog/view/entry-level-customer-serv-retail-and-contact-center/
Entry Level Customer Service (General) Solution,https://www.shl.com/products/product-catalog/view/entry-level-customer-service-general-solution/
Entry Level Hotel Front Desk Solution,https://www.shl.com/products/product-catalog/view/entry-level-hotel-front-desk-solution/
Entry Level Sales Solution,https://www.shl.com/products/product-catalog/view/entry-level-sales-solution/
Entry Level Technical Support Solution,https://www.shl.com/products/product-catalog/view/entry-level-technical-support-solution/
ETL Testing (New),https://www.shl.com/products/product-catalog/view/etl-testing-new/
Executive Scenarios,https://www.shl.com/products/product-catalog/view/executive-scenarios/
Executive Scenarios Narrative Report,https://www.shl.com/products/product-catalog/view/executive-scenarios-narrative-report/
Previous,https://www.shl.com/products/product-catalog/?start=84&type=1
10,https://www.shl.com/products/product-catalog/?start=108&type=1
Next,https://www.shl.com/products/product-catalog/?start=108&type=1
Sales Professional Solution,https://www.shl.com/products/product-catalog/view/sales-professional-solution/
Sales Representative Solution,https://www.shl.com/products/product-catalog/view/sales-representative-solution/
Sales Supervisor Solution,https://www.shl.com/products/product-catalog/view/sales-supervisor-solution/
Sales Support Specialist Solution,https://www.shl.com/products/product-catalog/view/sales-support-specialist-solution/
Senior Insurance Agent Solution,https://www.shl.com/products/product-catalog/view/senior-insurance-agent-solution/
Senior Sales Professional Solution,https://www.shl.com/products/product-catalog/view/senior-sales-professional-solution/
Server Solution,https://www.shl.com/products/product-catalog/view/server-solution/
Service Associate Solution,https://www.shl.com/products/product-catalog/view/service-associate-solution/
Service Supervisor Solution,https://www.shl.com/products/product-catalog/view/service-supervisor-solution/
Stock Clerk Solution,https://www.shl.com/products/product-catalog/view/stock-clerk-solution/
Store Manager 7.0 Solution,https://www.shl.com/products/product-catalog/view/store-manager-7-0-solution/
Store Manager 7.1 (Americas),https://www.shl.com/products/product-catalog/view/store-manager-7-1-%28americas%29/
Previous,https://www.shl.com/products/product-catalog/?start=96&type=2
11,https://www.shl.com/products/product-catalog/?start=120&type=2
Next,https://www.shl.com/products/product-catalog/?start=120&type=2
Executive Scenarios Profile Report,https://www.shl.com/products/product-catalog/view/executive-scenarios-profile-report/
ExpressJS (New),https://www.shl.com/products/product-catalog/view/expressjs-new/
Filing - Names (R1),https://www.shl.com/products/product-catalog/view/filing-names-r1/
Filing - Numbers,https://www.shl.com/products/product-catalog/view/filing-numbers/
Financial Accounting (New),https://www.shl.com/products/product-catalog/view/financial-accounting-new/
Financial and Banking Services (New),https://www.shl.com/products/product-catalog/view/financial-and-banking-services-new/
Fire Engineering (New),https://www.shl.com/products/product-catalog/view/fire-engineering-new/
Following Instructions v1 - UK (R1),https://www.shl.com/products/product-catalog/view/following-instructions-v1-uk-r1/
Following Instructions v1 - US (R2),https://www.shl.com/products/product-catalog/view/following-instructions-v1-us-r2/
Food and Beverage Services (New),https://www.shl.com/products/product-catalog/view/food-and-beverage-services-new/
Food Science (New),https://www.shl.com/products/product-catalog/view/food-science-new/
Front Office Management (New),https://www.shl.com/products/product-catalog/view/front-office-management-new/
Previous,https://www.shl.com/products/product-catalog/?start=96&type=1
11,https://www.shl.com/products/product-catalog/?start=120&type=1
Next,https://www.shl.com/products/product-catalog/?start=120&type=1
Store Manager 7.1 (International),https://www.shl.com/products/product-catalog/view/store-manager-7-1-%28international%29/
Store Manager Solution,https://www.shl.com/products/product-catalog/view/store-manager-solution/
Supervisor - Short Form,https://www.shl.com/products/product-catalog/view/supervisor-short-form/
Supervisor 7.0 Solution,https://www.shl.com/products/product-catalog/view/supervisor-7-0-solution/
Supervisor 7.1 (Americas),https://www.shl.com/products/product-catalog/view/supervisor-7-1-%28americas%29/
Supervisor 7.1 (International),https://www.shl.com/products/product-catalog/view/supervisor-7-1-%28international%29/
Support Associate Solution,https://www.shl.com/products/product-catalog/view/support-associate-solution/
Support Supervisor Solution,https://www.shl.com/products/product-catalog/view/support-supervisor-solution/
Technical Sales Associate Solution,https://www.shl.com/products/product-catalog/view/technical-sales-associate-solution/
Technician/Technologist Solution,https://www.shl.com/products/product-catalog/view/techniciantechnologist-solution/
Technology Professional 8.0 Job Focused Assessment,https://www.shl.com/products/product-catalog/view/technology-professional-8-0-job-focused-assessment/
Telenurse Solution,https://www.shl.com/products/product-catalog/view/telenurse-solution/
Previous,https://www.shl.com/products/product-catalog/?start=108&type=2
Next,https://www.shl.com/products/product-catalog/?start=132&type=2
Fundamentals of Chemistry (New),https://www.shl.com/products/product-catalog/view/fundamentals-of-chemistry-new/
Fundamentals of Physics (New),https://www.shl.com/products/product-catalog/view/fundamentals-of-physics-new/
General Diseases (New),https://www.shl.com/products/product-catalog/view/general-diseases-new/
Geoinformatics Engineering (New),https://www.shl.com/products/product-catalog/view/geoinformatics-engineering-new/
Geoscience Engineering (New),https://www.shl.com/products/product-catalog/view/geoscience-engineering-new/
GIT (New),https://www.shl.com/products/product-catalog/view/git-new/
Global Skills Assessment,https://www.shl.com/products/product-catalog/view/global-skills-assessment/
Graduate Scenarios,https://www.shl.com/products/product-catalog/view/graduate-scenarios/
Graduate Scenarios Narrative Report,https://www.shl.com/products/product-catalog/view/graduate-scenarios-narrative-report/
Graduate Scenarios Profile Report,https://www.shl.com/products/product-catalog/view/graduate-scenarios-profile-report/
Hibernate (New),https://www.shl.com/products/product-catalog/view/hibernate-new/
HIPAA (Security),https://www.shl.com/products/product-catalog/view/hipaa-security/
Previous,https://www.shl.com/products/product-catalog/?start=108&type=1
12,https://www.shl.com/products/product-catalog/?start=132&type=1
Next,https://www.shl.com/products/product-catalog/?start=132&type=1
Teller 7.0,https://www.shl.com/products/product-catalog/view/teller-7-0/
Teller with Sales - Short Form,https://www.shl.com/products/product-catalog/view/teller-with-sales-short-form/
Transcriptionist Solution,https://www.shl.com/products/product-catalog/view/transcriptionist-solution/
Workplace Safety - Individual 7.0 Solution,https://www.shl.com/products/product-catalog/view/workplace-safety-individual-7-0-solution/
Workplace Safety - Individual 7.1 (Americas),https://www.shl.com/products/product-catalog/view/workplace-safety-individual-7-1-solution/
Workplace Safety - Team 7.0 Solution,https://www.shl.com/products/product-catalog/view/workplace-safety-team-7-0-solution/
Workplace Safety - Team 7.1 (Americas),https://www.shl.com/products/product-catalog/view/workplace-safety-team-7-1-%28americas%29/
Workplace Safety - Team 7.1 (International),https://www.shl.com/products/product-catalog/view/workplace-safety-team-7-1-solution/
Workplace Safety Solution,https://www.shl.com/products/product-catalog/view/workplace-safety-solution/
Previous,https://www.shl.com/products/product-catalog/?start=120&type=2
HiPo Assessment Report 1.0,https://www.shl.com/products/product-catalog/view/hipo-assessment-report-1-0/
HiPo Assessment Report 2.0,https://www.shl.com/products/product-catalog/view/hipo-assessment-report-2-0/
HiPo Unlocking Potential Report 2.0,https://www.shl.com/products/product-catalog/view/hipo-unlocking-potential-report-2-0/
Housekeeping (New),https://www.shl.com/products/product-catalog/view/housekeeping-new/
HTML/CSS (New),https://www.shl.com/products/product-catalog/view/htmlcss-new/
HTML5 (New),https://www.shl.com/products/product-catalog/view/html5-new/
Human Resources (New),https://www.shl.com/products/product-catalog/view/human-resources-new/
IBM DataStage (New),https://www.shl.com/products/product-catalog/view/ibm-datastage-new/
IBM Sterling Order Management System (New),https://www.shl.com/products/product-catalog/view/ibm-sterling-order-management-system-new/
Industrial Engineering (New),https://www.shl.com/products/product-catalog/view/industrial-engineering-new/
Informatica (Architecture) (New),https://www.shl.com/products/product-catalog/view/informatica-architecture-new/
Informatica (Developer) (New),https://www.shl.com/products/product-catalog/view/informatica-developer-new/
Previous,https://www.shl.com/products/product-catalog/?start=120&type=1
13,https://www.shl.com/products/product-catalog/?start=144&type=1
Next,https://www.shl.com/products/product-catalog/?start=144&type=1
Previous,https://www.shl.com/products/product-catalog/?start=132&type=2
Instrumentation Engineering (New),https://www.shl.com/products/product-catalog/view/instrumentation-engineering-new/
Interpersonal Communications,https://www.shl.com/products/product-catalog/view/interpersonal-communications/
Interviewing and Hiring Concepts (U.S.),https://www.shl.com/products/product-catalog/view/interviewing-and-hiring-concepts-u-s/
iOS Development (New),https://www.shl.com/products/product-catalog/view/ios-development-new/
ITIL (IT Infrastructure Library) (New),https://www.shl.com/products/product-catalog/view/itil-it-infrastructure-library-new/
Java 2 Platform Enterprise Edition 1.4 Fundamental,https://www.shl.com/products/product-catalog/view/java-2-platform-enterprise-edition-1-4-fundamental/
Java 8 (New),https://www.shl.com/products/product-catalog/view/java-8-new/
Java Design Patterns (New),https://www.shl.com/products/product-catalog/view/java-design-patterns-new/
Java Frameworks (New),https://www.shl.com/products/product-catalog/view/java-frameworks-new/
Java Platform Enterprise Edition 7 (Java EE 7),https://www.shl.com/products/product-catalog/view/java-platform-enterprise-edition-7-java-ee-7/
Java Web Services (New),https://www.shl.com/products/product-catalog/view/java-web-services-new/
JavaScript (New),https://www.shl.com/products/product-catalog/view/javascript-new/
Previous,https://www.shl.com/products/product-catalog/?start=132&type=1
14,https://www.shl.com/products/product-catalog/?start=156&type=1
Next,https://www.shl.com/products/product-catalog/?start=156&type=1
Previous,https://www.shl.com/products/product-catalog/?start=144&type=2
Jenkins (New),https://www.shl.com/products/product-catalog/view/jenkins-new/
Job Control Language (New),https://www.shl.com/products/product-catalog/view/job-control-language-new/
jQuery (New),https://www.shl.com/products/product-catalog/view/jquery-new/
Kubernetes (New),https://www.shl.com/products/product-catalog/view/kubernetes-new/
Linux Administration (New),https://www.shl.com/products/product-catalog/view/linux-administration-new/
Linux Operating System,https://www.shl.com/products/product-catalog/view/linux-operating-system/
Linux Programming (General),https://www.shl.com/products/product-catalog/view/linux-programming-general/
Load Runner (New),https://www.shl.com/products/product-catalog/view/load-runner-new/
Management Scenarios,https://www.shl.com/products/product-catalog/view/management-scenarios/
Managerial Scenarios Candidate Report,https://www.shl.com/products/product-catalog/view/managerial-scenarios-candidate-report/
Managerial Scenarios Narrative Report,https://www.shl.com/products/product-catalog/view/managerial-scenarios-narrative-report/
Managerial Scenarios Profile Report,https://www.shl.com/products/product-catalog/view/managerial-scenarios-profile-report/
Previous,https://www.shl.com/products/product-catalog/?start=144&type=1
15,https://www.shl.com/products/product-catalog/?start=168&type=1
Next,https://www.shl.com/products/product-catalog/?start=168&type=1
Previous,https://www.shl.com/products/product-catalog/?start=156&type=2
Manual Testing (New),https://www.shl.com/products/product-catalog/view/manual-testing-new/
Manufac. & Indust. - Mechanical & Vigilance 8.0,https://www.shl.com/products/product-catalog/view/mechanical-and-vigilance-focus-8-0/
Manufac. & Indust. - Safety & Dependability 8.0,https://www.shl.com/products/product-catalog/view/safety-and-dependability-focus-8-0/
Manufacturing & Industrial - Essential Focus 8.0,https://www.shl.com/products/product-catalog/view/essential-focus-8-0/
Manufacturing & Industrial - Mechanical Focus 8.0,https://www.shl.com/products/product-catalog/view/mechanical-focus-8-0/
Manufacturing & Industrial - Vigilance Focus 8.0,https://www.shl.com/products/product-catalog/view/vigilance-focus-8-0/
Marketing (New),https://www.shl.com/products/product-catalog/view/marketing-new/
Maven (New),https://www.shl.com/products/product-catalog/view/maven-new/
Mechanical Engineering (New),https://www.shl.com/products/product-catalog/view/mechanical-engineering-new/
Mechatronics Engineering (New),https://www.shl.com/products/product-catalog/view/mechatronics-engineering-new/
Medical Terminology (New),https://www.shl.com/products/product-catalog/view/medical-terminology-new/
Metallurgical Engineering (New),https://www.shl.com/products/product-catalog/view/metallurgical-engineering-new/
Previous,https://www.shl.com/products/product-catalog/?start=156&type=1
16,https://www.shl.com/products/product-catalog/?start=180&type=1
Next,https://www.shl.com/products/product-catalog/?start=180&type=1
